[
  {
    "id": 1,
    "address_type": "Billing",
    "address_status": "Active",
    "number": 1745,
    "street name": "T Street Southeast",
    "suite": "",
    "addresses/city": "Washington",
    "addresses/postalCode": 20020,
    "Country": "US",
    "Address notes": "",
    "Created": "1996-01-26",
    "": "7:11:47",
    "__1": 350900.299849537,
    "entity type": "Building",
    "entity id": 1,
    "addresses/coordinates/lat": 38.867033,
    "addresses/coordinates/lng": -76.979235,
    "attribution": "City of Haddam (CT)"
  },
  {
    "id": 2,
    "address_type": "Shipping",
    "address_status": "Inactive",
    "number": 6007,
    "street name": "Applegate Lane",
    "suite": "",
    "addresses/city": "Louisville",
    "addresses/postalCode": 40219,
    "Country": "US",
    "Address notes": "",
    "Created": "1999-03-16",
    "": "12:29:58",
    "__1": "",
    "entity type": "Customer",
    "entity id": 2,
    "addresses/coordinates/lat": 38.1343013,
    "addresses/coordinates/lng": -85.6498512,
    "attribution": "Ciy of Hartford (CT)"
  },
  {
    "id": 3,
    "address_type": "Shipping",
    "address_status": "Active",
    "number": 560,
    "street name": "Penstock Drive",
    "suite": "",
    "addresses/city": "Grass Valley",
    "addresses/postalCode": 95945,
    "Country": "US",
    "Address notes": "",
    "Created": "2017-02-03",
    "": "4:28:50",
    "__1": "",
    "entity type": "Customer",
    "entity id": 3,
    "addresses/coordinates/lat": 39.213076,
    "addresses/coordinates/lng": -121.077583,
    "attribution": "City of Lyme (CT)"
  },
  {
    "id": 4,
    "address_type": "Home",
    "address_status": "Active",
    "number": 150,
    "street name": "Carter Street",
    "suite": "",
    "addresses/city": "Manchester",
    "addresses/postalCode": 6040,
    "Country": "US",
    "Address notes": "The blue door on the first floor",
    "Created": "1997-06-12",
    "": "23:25:12",
    "__1": "",
    "entity type": "Building",
    "entity id": 4,
    "addresses/coordinates/lat": 41.76556,
    "addresses/coordinates/lng": -72.473091,
    "attribution": "City of Manchester (CT)"
  },
  {
    "id": 5,
    "address_type": "Business",
    "address_status": "Active",
    "number": 2721,
    "street name": "Lindsay Avenue",
    "suite": "",
    "addresses/city": "Louisville",
    "addresses/postalCode": 40206,
    "Country": "US",
    "Address notes": "",
    "Created": "1987-12-29",
    "": "7:47:50",
    "__1": "",
    "entity type": "Customer",
    "entity id": 5,
    "addresses/coordinates/lat": 38.263793,
    "addresses/coordinates/lng": -85.700243,
    "attribution": "City of Watertown (CT)"
  },
  {
    "id": 6,
    "address_type": "Business",
    "address_status": "Active",
    "number": 18,
    "street name": "Densmore Drive",
    "suite": "",
    "addresses/city": "Essex",
    "addresses/postalCode": 5452,
    "Country": "US",
    "Address notes": "",
    "Created": "1993-12-07",
    "": "20:42:35",
    "__1": "",
    "entity type": "Customer",
    "entity id": 6,
    "addresses/coordinates/lat": 44.492953,
    "addresses/coordinates/lng": -73.101883,
    "attribution": "City of Avon (CT)"
  },
  {
    "id": 7,
    "address_type": "Home",
    "address_status": "Active",
    "number": 637,
    "street name": "Britannia Drive",
    "suite": "",
    "addresses/city": "Vallejo",
    "addresses/postalCode": 94591,
    "Country": "US",
    "Address notes": "",
    "Created": "2012-02-13",
    "": "19:04:46",
    "__1": "",
    "entity type": "Building",
    "entity id": 7,
    "addresses/coordinates/lat": 38.10477,
    "addresses/coordinates/lng": -122.193849,
    "attribution": "Town of Fairfield (CT)"
  },
  {
    "id": 8,
    "address_type": "Billing",
    "address_status": "Active",
    "number": 5601,
    "street name": "West Crocus Drive",
    "suite": "",
    "addresses/city": "Glendale",
    "addresses/postalCode": 85306,
    "Country": "US",
    "Address notes": "Please don't send spam",
    "Created": "2017-06-26",
    "": "10:39:01",
    "__1": "",
    "entity type": "Customer",
    "entity id": 8,
    "addresses/coordinates/lat": 33.6152469,
    "addresses/coordinates/lng": -112.179737,
    "attribution": "City of Groton (CT)"
  },
  {
    "id": 9,
    "address_type": "Shipping",
    "address_status": "Inactive",
    "number": 5403,
    "street name": "Illinois Avenue",
    "suite": "",
    "addresses/city": "Nashville",
    "addresses/postalCode": 37209,
    "Country": "US",
    "Address notes": "",
    "Created": "1976-01-21",
    "": "4:27:19",
    "__1": "",
    "entity type": "Customer",
    "entity id": 9,
    "addresses/coordinates/lat": 36.157077,
    "addresses/coordinates/lng": -86.853827,
    "attribution": "Office of Geographic Information (MassGIS), Commonwealth of Massachusetts, MassIT (MA)"
  },
  {
    "id": 10,
    "address_type": "Shipping",
    "address_status": "Active",
    "number": 8821,
    "street name": "West Myrtle Avenue",
    "suite": "",
    "addresses/city": "Glendale",
    "addresses/postalCode": 85305,
    "Country": "US",
    "Address notes": "",
    "Created": "1982-02-18",
    "": "17:38:56",
    "__1": "",
    "entity type": "Building",
    "entity id": 10,
    "addresses/coordinates/lat": 33.5404296,
    "addresses/coordinates/lng": -112.2488391,
    "attribution": "VT Enhanced 911 Board, VCGI (VT)"
  },
  {
    "id": 11,
    "address_type": "Home",
    "address_status": "Active",
    "number": 2203,
    "street name": "7th Street Road",
    "suite": "",
    "addresses/city": "Louisville",
    "addresses/postalCode": 40208,
    "Country": "US",
    "Address notes": "",
    "Created": "1980-10-14",
    "": "8:37:46",
    "__1": "",
    "entity type": "Customer",
    "entity id": 11,
    "addresses/coordinates/lat": 38.218107,
    "addresses/coordinates/lng": -85.779006,
    "attribution": "City of Huntsville (AL)"
  },
  {
    "id": 12,
    "address_type": "Business",
    "address_status": "Active",
    "number": 6463,
    "street name": "Vrain Street",
    "suite": "",
    "addresses/city": "Arvada",
    "addresses/postalCode": 80003,
    "Country": "US",
    "Address notes": "",
    "Created": "2011-12-19",
    "": "7:31:23",
    "__1": "",
    "entity type": "Customer",
    "entity id": 12,
    "addresses/coordinates/lat": 39.814056,
    "addresses/coordinates/lng": -105.046913,
    "attribution": "City of Montgomery (AL)"
  },
  {
    "id": 13,
    "address_type": "Business",
    "address_status": "Active",
    "number": 87,
    "street name": "Horseshoe Drive",
    "suite": "",
    "addresses/city": "West Windsor",
    "addresses/postalCode": 5037,
    "Country": "US",
    "Address notes": "",
    "Created": "2001-03-30",
    "": "10:37:25",
    "__1": "",
    "entity type": "Building",
    "entity id": 13,
    "addresses/coordinates/lat": 43.4731793,
    "addresses/coordinates/lng": -72.4967532,
    "attribution": "Shelby County (AL)"
  },
  {
    "id": 14,
    "address_type": "Home",
    "address_status": "Active",
    "number": 60,
    "street name": "Desousa Drive",
    "suite": "",
    "addresses/city": "Manchester",
    "addresses/postalCode": 6040,
    "Country": "US",
    "Address notes": "",
    "Created": "1991-04-01",
    "": "12:34:07",
    "__1": "",
    "entity type": "Customer",
    "entity id": 14,
    "addresses/coordinates/lat": 41.7409259,
    "addresses/coordinates/lng": -72.5619104,
    "attribution": "Talladega County (AL)"
  },
  {
    "id": 15,
    "address_type": "Billing",
    "address_status": "Inactive",
    "number": 4,
    "street name": "Old Colony Way",
    "suite": "",
    "addresses/city": "Yarmouth",
    "addresses/postalCode": 2664,
    "Country": "US",
    "Address notes": "",
    "Created": "1985-02-28",
    "": "15:51:53",
    "__1": "",
    "entity type": "Customer",
    "entity id": 15,
    "addresses/coordinates/lat": 41.697168,
    "addresses/coordinates/lng": -70.189992,
    "attribution": "City of Fayetteville (AR)"
  },
  {
    "id": 16,
    "address_type": "Shipping",
    "address_status": "Active",
    "number": 314,
    "street name": "South 17th Street",
    "suite": "",
    "addresses/city": "Nashville",
    "addresses/postalCode": 37206,
    "Country": "US",
    "Address notes": "",
    "Created": "1982-07-19",
    "": "5:25:26",
    "__1": "",
    "entity type": "Building",
    "entity id": 16,
    "addresses/coordinates/lat": 36.1719075,
    "addresses/coordinates/lng": -86.740228,
    "attribution": "Arkansas Geographic Information Office (AR)"
  },
  {
    "id": 17,
    "address_type": "Shipping",
    "address_status": "Active",
    "number": 1649,
    "street name": "Timberridge Court",
    "suite": "",
    "addresses/city": "Fayetteville",
    "addresses/postalCode": 72704,
    "Country": "US",
    "Address notes": "Ring if you arrived",
    "Created": "1979-11-27",
    "": "13:13:57",
    "__1": "",
    "entity type": "Customer",
    "entity id": 17,
    "addresses/coordinates/lat": 36.084563,
    "addresses/coordinates/lng": -94.206082,
    "attribution": "City of Washington (DC)"
  },
  {
    "id": 18,
    "address_type": "Home",
    "address_status": "Active",
    "number": 5461,
    "street name": "West Shades Valley Drive",
    "suite": "",
    "addresses/city": "Montgomery",
    "addresses/postalCode": 36108,
    "Country": "US",
    "Address notes": "",
    "Created": "2003-08-30",
    "": "9:22:28",
    "__1": "",
    "entity type": "Customer",
    "entity id": 18,
    "addresses/coordinates/lat": 32.296422,
    "addresses/coordinates/lng": -86.342803,
    "attribution": "Bay County (FL)"
  },
  {
    "id": 19,
    "address_type": "Business",
    "address_status": "Active",
    "number": 629,
    "street name": "Debbie Drive",
    "suite": "",
    "addresses/city": "Nashville",
    "addresses/postalCode": 37076,
    "Country": "US",
    "Address notes": "",
    "Created": "1987-05-08",
    "": "20:29:21",
    "__1": "",
    "entity type": "Building",
    "entity id": 19,
    "addresses/coordinates/lat": 36.208114,
    "addresses/coordinates/lng": -86.586212,
    "attribution": "Brevard County (FL)"
  },
  {
    "id": 20,
    "address_type": "Business",
    "address_status": "Active",
    "number": 22572,
    "street name": "Toreador Drive",
    "suite": "",
    "addresses/city": "Salinas",
    "addresses/postalCode": 93908,
    "Country": "US",
    "Address notes": "",
    "Created": "2014-01-31",
    "": "23:32:12",
    "__1": "",
    "entity type": "Customer",
    "entity id": 20,
    "addresses/coordinates/lat": 36.602449,
    "addresses/coordinates/lng": -121.699071,
    "attribution": "Charlotte County (FL)"
  },
  {
    "id": 21,
    "address_type": "Home",
    "address_status": "Active",
    "number": 3034,
    "street name": "Mica Street",
    "suite": "",
    "addresses/city": "Fayetteville",
    "addresses/postalCode": 72704,
    "Country": "US",
    "Address notes": "",
    "Created": "2008-11-07",
    "": "19:07:22",
    "__1": "",
    "entity type": "Customer",
    "entity id": 21,
    "addresses/coordinates/lat": 36.0807929,
    "addresses/coordinates/lng": -94.2066449,
    "attribution": "Citrus County (FL)"
  },
  {
    "id": 22,
    "address_type": "Billing",
    "address_status": "Active",
    "number": 3729,
    "street name": "East Mission Boulevard",
    "suite": "",
    "addresses/city": "Fayetteville",
    "addresses/postalCode": 72703,
    "Country": "US",
    "Address notes": "",
    "Created": "2008-11-14",
    "": "14:24:24",
    "__1": "",
    "entity type": "Building",
    "entity id": 22,
    "addresses/coordinates/lat": 36.0919353,
    "addresses/coordinates/lng": -94.1065422,
    "attribution": "Clay County (FL)"
  },
  {
    "id": 23,
    "address_type": "Shipping",
    "address_status": "Active",
    "number": 5114,
    "street name": "Greentree Drive",
    "suite": "",
    "addresses/city": "Nashville",
    "addresses/postalCode": 37211,
    "Country": "US",
    "Address notes": "",
    "Created": "1985-05-30",
    "": "15:14:29",
    "__1": "",
    "entity type": "Customer",
    "entity id": 23,
    "addresses/coordinates/lat": 36.0618539,
    "addresses/coordinates/lng": -86.738508,
    "attribution": "Highlands County, FL (FL)"
  },
  {
    "id": 24,
    "address_type": "Shipping",
    "address_status": "Active",
    "number": 3466,
    "street name": "Southview Avenue",
    "suite": "",
    "addresses/city": "Montgomery",
    "addresses/postalCode": 36111,
    "Country": "US",
    "Address notes": "",
    "Created": "2007-09-05",
    "": "6:07:40",
    "__1": "",
    "entity type": "Customer",
    "entity id": 24,
    "addresses/coordinates/lat": 32.341227,
    "addresses/coordinates/lng": -86.2846859,
    "attribution": "Hillsborough County (FL)"
  },
  {
    "id": 25,
    "address_type": "Home",
    "address_status": "Active",
    "number": 1513,
    "street name": "Cathy Street",
    "suite": "",
    "addresses/city": "Savannah",
    "addresses/postalCode": 31415,
    "Country": "US",
    "Address notes": "",
    "Created": "1990-01-05",
    "": "5:36:25",
    "__1": "",
    "entity type": "Building",
    "entity id": 25,
    "addresses/coordinates/lat": 32.067416,
    "addresses/coordinates/lng": -81.125331,
    "attribution": "City of Savannah (GA)"
  },
  {
    "id": 26,
    "address_type": "Business",
    "address_status": "Active",
    "number": 600,
    "street name": "West 19th Avenue",
    "suite": "APT B",
    "addresses/city": "Anchorage",
    "addresses/postalCode": 99503,
    "Country": "US",
    "Address notes": "",
    "Created": "2010-06-18",
    "": "20:32:12",
    "__1": "",
    "entity type": "Customer",
    "entity id": 26,
    "addresses/coordinates/lat": 61.203115,
    "addresses/coordinates/lng": -149.894107,
    "attribution": "Gordon County (GA)"
  },
  {
    "id": 27,
    "address_type": "Business",
    "address_status": "Active",
    "number": 1208,
    "street name": "Elkader Court North",
    "suite": "",
    "addresses/city": "Nashville",
    "addresses/postalCode": 37013,
    "Country": "US",
    "Address notes": "",
    "Created": "2000-08-04",
    "": "9:44:23",
    "__1": "",
    "entity type": "Customer",
    "entity id": 27,
    "addresses/coordinates/lat": 36.080049,
    "addresses/coordinates/lng": -86.601161,
    "attribution": "Muscogee County (GA)"
  },
  {
    "id": 28,
    "address_type": "Home",
    "address_status": "Active",
    "number": 210,
    "street name": "Green Road",
    "suite": "",
    "addresses/city": "Manchester",
    "addresses/postalCode": 6042,
    "Country": "US",
    "Address notes": "",
    "Created": "2005-07-05",
    "": "23:43:24",
    "__1": "",
    "entity type": "Building",
    "entity id": 28,
    "addresses/coordinates/lat": 41.7909099,
    "addresses/coordinates/lng": -72.5119513,
    "attribution": "Sumter County (GA)"
  },
  {
    "id": 29,
    "address_type": "Billing",
    "address_status": "Active",
    "number": 49548,
    "street name": "Road 200",
    "suite": "",
    "addresses/city": "O'Neals",
    "addresses/postalCode": 93645,
    "Country": "US",
    "Address notes": "The bell is not working",
    "Created": "2002-06-28",
    "": "2:06:24",
    "__1": "",
    "entity type": "Customer",
    "entity id": 29,
    "addresses/coordinates/lat": 37.153463,
    "addresses/coordinates/lng": -119.648192,
    "attribution": "Metro Louisville,  LOJIC partners (KY)"
  },
  {
    "id": 30,
    "address_type": "Shipping",
    "address_status": "Active",
    "number": 81,
    "street name": "Seaton Place Northwest",
    "suite": "",
    "addresses/city": "Washington",
    "addresses/postalCode": 20001,
    "Country": "US",
    "Address notes": "",
    "Created": "2004-02-09",
    "": "9:12:16",
    "__1": "",
    "entity type": "Customer",
    "entity id": 30,
    "addresses/coordinates/lat": 38.9149499,
    "addresses/coordinates/lng": -77.0117026,
    "attribution": "Anne Arundel County (MD)"
  },
  {
    "id": 31,
    "address_type": "Shipping",
    "address_status": "Active",
    "number": 1267,
    "street name": "Martin Street",
    "suite": "#203",
    "addresses/city": "Nashville",
    "addresses/postalCode": 37203,
    "Country": "US",
    "Address notes": "",
    "Created": "1994-09-30",
    "": "16:50:57",
    "__1": "",
    "entity type": "Building",
    "entity id": 31,
    "addresses/coordinates/lat": 36.1404897,
    "addresses/coordinates/lng": -86.7695179,
    "attribution": "City of Baltimore (MD)"
  },
  {
    "id": 32,
    "address_type": "Home",
    "address_status": "Active",
    "number": 7431,
    "street name": "Candace Way",
    "suite": "#1",
    "addresses/city": "Louisville",
    "addresses/postalCode": 40214,
    "Country": "US",
    "Address notes": "",
    "Created": "1984-05-23",
    "": "17:13:42",
    "__1": "",
    "entity type": "Customer",
    "entity id": 32,
    "addresses/coordinates/lat": 38.142768,
    "addresses/coordinates/lng": -85.7717132,
    "attribution": "Frederick County (MD)"
  },
  {
    "id": 33,
    "address_type": "Business",
    "address_status": "Active",
    "number": 1407,
    "street name": "Walden Court",
    "suite": "",
    "addresses/city": "Crofton",
    "addresses/postalCode": 21114,
    "Country": "US",
    "Address notes": "",
    "Created": "2018-11-19",
    "": "4:35:17",
    "__1": "",
    "entity type": "Customer",
    "entity id": 33,
    "addresses/coordinates/lat": 39.019306,
    "addresses/coordinates/lng": -76.660653,
    "attribution": "Oklahoma and Logan Counties - Association of Central Oklahoma Governments (OK)"
  },
  {
    "id": 34,
    "address_type": "Business",
    "address_status": "Active",
    "number": 5906,
    "street name": "Milton Avenue",
    "suite": "",
    "addresses/city": "Deale",
    "addresses/postalCode": 20751,
    "Country": "US",
    "Address notes": "",
    "Created": "1982-08-06",
    "": "15:17:36",
    "__1": "",
    "entity type": "Building",
    "entity id": 34,
    "addresses/coordinates/lat": 38.784451,
    "addresses/coordinates/lng": -76.541255,
    "attribution": "Kern, Cleveland, Canadian, Logan Counties (OK)"
  },
  {
    "id": 35,
    "address_type": "Home",
    "address_status": "Active",
    "number": 74,
    "street name": "Springfield Street",
    "suite": "B",
    "addresses/city": "Agawam",
    "addresses/postalCode": 1001,
    "Country": "US",
    "Address notes": "",
    "Created": "1976-12-24",
    "": "18:19:21",
    "__1": "",
    "entity type": "Customer",
    "entity id": 35,
    "addresses/coordinates/lat": 42.0894922,
    "addresses/coordinates/lng": -72.6297558,
    "attribution": "City of Nashville (TN)"
  },
  {
    "id": 36,
    "address_type": "Billing",
    "address_status": "Active",
    "number": 2905,
    "street name": "Stonebridge Court",
    "suite": "",
    "addresses/city": "Norman",
    "addresses/postalCode": 73071,
    "Country": "US",
    "Address notes": "",
    "Created": "2011-01-24",
    "": "22:30:25",
    "__1": "",
    "entity type": "Customer",
    "entity id": 36,
    "addresses/coordinates/lat": 35.183319,
    "addresses/coordinates/lng": -97.402105,
    "attribution": "Cooke,Fannin,Grayson Counties - Texoma Council of Governments (TX)"
  },
  {
    "id": 37,
    "address_type": "Shipping",
    "address_status": "Active",
    "number": 20930,
    "street name": "Todd Valley Road",
    "suite": "",
    "addresses/city": "Foresthill",
    "addresses/postalCode": 95631,
    "Country": "US",
    "Address notes": "",
    "Created": "1997-10-07",
    "": "1:34:50",
    "__1": "",
    "entity type": "Building",
    "entity id": 37,
    "addresses/coordinates/lat": 38.989466,
    "addresses/coordinates/lng": -120.883108,
    "attribution": "Municipality of Anchorage (AK)"
  },
  {
    "id": 38,
    "address_type": "Shipping",
    "address_status": "Active",
    "number": 5928,
    "street name": "West Mauna Loa Lane",
    "suite": "",
    "addresses/city": "Glendale",
    "addresses/postalCode": 85306,
    "Country": "US",
    "Address notes": "",
    "Created": "1991-09-25",
    "": "22:14:50",
    "__1": "",
    "entity type": "Customer",
    "entity id": 38,
    "addresses/coordinates/lat": 33.6204899,
    "addresses/coordinates/lng": -112.18702,
    "attribution": "Copyright © 2015 Kenai Peninsula Borough (AK)"
  },
  {
    "id": 39,
    "address_type": "Home",
    "address_status": "Active",
    "number": 802,
    "street name": "Madison Street Northwest",
    "suite": "",
    "addresses/city": "Washington",
    "addresses/postalCode": 20011,
    "Country": "US",
    "Address notes": "",
    "Created": "2014-09-30",
    "": "22:08:32",
    "__1": "",
    "entity type": "Customer",
    "entity id": 39,
    "addresses/coordinates/lat": 38.9582381,
    "addresses/coordinates/lng": -77.0244287,
    "attribution": "Matanuska-Susitna Borough (AK)"
  },
  {
    "id": 40,
    "address_type": "Business",
    "address_status": "Active",
    "number": 2811,
    "street name": "Battery Place Northwest",
    "suite": "",
    "addresses/city": "Washington",
    "addresses/postalCode": 20016,
    "Country": "US",
    "Address notes": "",
    "Created": "2019-08-17",
    "": "3:17:45",
    "__1": "",
    "entity type": "Building",
    "entity id": 40,
    "addresses/coordinates/lat": 38.9256252,
    "addresses/coordinates/lng": -77.0982646,
    "attribution": "City of Glendale (AZ)"
  },
  {
    "id": 41,
    "address_type": "Business",
    "address_status": "Active",
    "number": 210,
    "street name": "Lacross Lane",
    "suite": "",
    "addresses/city": "Westmore",
    "addresses/postalCode": 5860,
    "Country": "US",
    "Address notes": "",
    "Created": "2010-08-04",
    "": "2:06:12",
    "__1": "",
    "entity type": "Customer",
    "entity id": 41,
    "addresses/coordinates/lat": 44.771005,
    "addresses/coordinates/lng": -72.048664,
    "attribution": "City of Mesa (AZ)"
  },
  {
    "id": 42,
    "address_type": "Home",
    "address_status": "Active",
    "number": 2010,
    "street name": "Rising Hill Drive",
    "suite": "",
    "addresses/city": "Norman",
    "addresses/postalCode": 73071,
    "Country": "US",
    "Address notes": "",
    "Created": "2000-11-07",
    "": "4:26:46",
    "__1": "",
    "entity type": "Customer",
    "entity id": 42,
    "addresses/coordinates/lat": 35.177281,
    "addresses/coordinates/lng": -97.411869,
    "attribution": "Alameda County (CA)"
  },
  {
    "id": 43,
    "address_type": "Billing",
    "address_status": "Active",
    "number": 388,
    "street name": "East Main Street",
    "suite": "",
    "addresses/city": "",
    "addresses/postalCode": 5753,
    "Country": "US",
    "Address notes": "",
    "Created": "2008-02-07",
    "": "3:45:38",
    "__1": "",
    "entity type": "Building",
    "entity id": 43,
    "addresses/coordinates/lat": 43.9727945,
    "addresses/coordinates/lng": -73.1023187,
    "attribution": "Amador County (CA)"
  },
  {
    "id": 44,
    "address_type": "Shipping",
    "address_status": "Active",
    "number": 450,
    "street name": "Kinhawk Drive",
    "suite": "",
    "addresses/city": "Nashville",
    "addresses/postalCode": 37211,
    "Country": "US",
    "Address notes": "",
    "Created": "1997-03-19",
    "": "5:13:12",
    "__1": "",
    "entity type": "Customer",
    "entity id": 44,
    "addresses/coordinates/lat": 36.030927,
    "addresses/coordinates/lng": -86.719491,
    "attribution": "City of Berkeley (CA)"
  },
  {
    "id": 45,
    "address_type": "Shipping",
    "address_status": "Active",
    "number": 131,
    "street name": "Westerly Street",
    "suite": "",
    "addresses/city": "Manchester",
    "addresses/postalCode": 6042,
    "Country": "US",
    "Address notes": "",
    "Created": "2004-07-26",
    "": "9:09:11",
    "__1": "",
    "entity type": "Customer",
    "entity id": 45,
    "addresses/coordinates/lat": 41.7906813,
    "addresses/coordinates/lng": -72.5355973,
    "attribution": "Butte County (CA)"
  },
  {
    "id": 46,
    "address_type": "Home",
    "address_status": "Active",
    "number": 308,
    "street name": "Woodleaf Court",
    "suite": "",
    "addresses/city": "Glen Burnie",
    "addresses/postalCode": 21061,
    "Country": "US",
    "Address notes": "",
    "Created": "1979-07-11",
    "": "18:14:45",
    "__1": "",
    "entity type": "Building",
    "entity id": 46,
    "addresses/coordinates/lat": 39.1425931,
    "addresses/coordinates/lng": -76.6238441,
    "attribution": "City of Bakersfield (CA)"
  },
  {
    "id": 47,
    "address_type": "Business",
    "address_status": "Active",
    "number": 8502,
    "street name": "Madrone Avenue",
    "suite": "",
    "addresses/city": "Louisville",
    "addresses/postalCode": 40258,
    "Country": "US",
    "Address notes": "",
    "Created": "2000-06-03",
    "": "16:52:48",
    "__1": "",
    "entity type": "Customer",
    "entity id": 47,
    "addresses/coordinates/lat": 38.1286407,
    "addresses/coordinates/lng": -85.8678042,
    "attribution": "City of Carson (CA)"
  },
  {
    "id": 48,
    "address_type": "Business",
    "address_status": "Active",
    "number": 23,
    "street name": "Sable Run Lane",
    "suite": "",
    "addresses/city": "Methuen",
    "addresses/postalCode": 1844,
    "Country": "US",
    "Address notes": "",
    "Created": "1989-09-07",
    "": "1:16:50",
    "__1": "",
    "entity type": "Customer",
    "entity id": 48,
    "addresses/coordinates/lat": 42.759847,
    "addresses/coordinates/lng": -71.157721,
    "attribution": "City of Cupertino (CA)"
  },
  {
    "id": 49,
    "address_type": "Home",
    "address_status": "Active",
    "number": 716,
    "street name": "Waller Road",
    "suite": "",
    "addresses/city": "Brentwood",
    "addresses/postalCode": 37027,
    "Country": "US",
    "Address notes": "",
    "Created": "1983-05-18",
    "": "9:00:20",
    "__1": "",
    "entity type": "Building",
    "entity id": 49,
    "addresses/coordinates/lat": 35.998892,
    "addresses/coordinates/lng": -86.696529,
    "attribution": "City of Hayward and Fairview. Licensed for Public Use (CA)"
  },
  {
    "id": 50,
    "address_type": "Billing",
    "address_status": "Active",
    "number": 416,
    "street name": "McIver Street",
    "suite": "",
    "addresses/city": "Nashville",
    "addresses/postalCode": 37211,
    "Country": "US",
    "Address notes": "",
    "Created": "1995-02-10",
    "": "15:09:45",
    "__1": "",
    "entity type": "Customer",
    "entity id": 50,
    "addresses/coordinates/lat": 36.10436,
    "addresses/coordinates/lng": -86.744116,
    "attribution": "City of Mountain View (CA)"
  },
  {
    "id": 51,
    "address_type": "Shipping",
    "address_status": "Active",
    "number": 1508,
    "street name": "Massachusetts Avenue Southeast",
    "suite": "",
    "addresses/city": "Washington",
    "addresses/postalCode": 20003,
    "Country": "US",
    "Address notes": "",
    "Created": "1999-09-21",
    "": "22:50:21",
    "__1": "",
    "entity type": "Customer",
    "entity id": 51,
    "addresses/coordinates/lat": 38.887255,
    "addresses/coordinates/lng": -76.983185,
    "attribution": "City of Orange (CA)"
  },
  {
    "id": 52,
    "address_type": "Shipping",
    "address_status": "Active",
    "number": 5615,
    "street name": "West Villa Maria Drive",
    "suite": "",
    "addresses/city": "Glendale",
    "addresses/postalCode": 85308,
    "Country": "US",
    "Address notes": "",
    "Created": "1994-09-03",
    "": "21:31:30",
    "__1": "",
    "entity type": "Building",
    "entity id": 52,
    "addresses/coordinates/lat": 33.650988,
    "addresses/coordinates/lng": -112.180624,
    "attribution": "Contra Costa County (CA)"
  },
  {
    "id": 53,
    "address_type": "Home",
    "address_status": "Active",
    "number": 3162,
    "street name": "Martin Luther King Junior",
    "suite": "#2",
    "addresses/city": "Fayetteville",
    "addresses/postalCode": 72704,
    "Country": "US",
    "Address notes": "",
    "Created": "2009-08-01",
    "": "21:39:28",
    "__1": "",
    "entity type": "Customer",
    "entity id": 53,
    "addresses/coordinates/lat": 36.0523331,
    "addresses/coordinates/lng": -94.2056987,
    "attribution": "El Dorando County (CA)"
  },
  {
    "id": 54,
    "address_type": "Business",
    "address_status": "Active",
    "number": 5306,
    "street name": "Ritchie Highway",
    "suite": "",
    "addresses/city": "Baltimore",
    "addresses/postalCode": 21225,
    "Country": "US",
    "Address notes": "",
    "Created": "1996-12-10",
    "": "12:49:09",
    "__1": "",
    "entity type": "Customer",
    "entity id": 54,
    "addresses/coordinates/lat": 39.221978,
    "addresses/coordinates/lng": -76.614183,
    "attribution": "Fresno County (CA)"
  },
  {
    "id": 55,
    "address_type": "Business",
    "address_status": "Active",
    "number": 109,
    "street name": "Summit Street",
    "suite": "",
    "addresses/city": "Burlington",
    "addresses/postalCode": 5401,
    "Country": "US",
    "Address notes": "",
    "Created": "2003-02-25",
    "": "4:31:30",
    "__1": "",
    "entity type": "Building",
    "entity id": 55,
    "addresses/coordinates/lat": 44.4729749,
    "addresses/coordinates/lng": -73.2026566,
    "attribution": "Humboldt County (CA)"
  },
  {
    "id": 56,
    "address_type": "Home",
    "address_status": "Active",
    "number": 816,
    "street name": "West 19th Avenue",
    "suite": "",
    "addresses/city": "Anchorage",
    "addresses/postalCode": 99503,
    "Country": "US",
    "Address notes": "",
    "Created": "2007-12-10",
    "": "10:39:49",
    "__1": "",
    "entity type": "Customer",
    "entity id": 56,
    "addresses/coordinates/lat": 61.203221,
    "addresses/coordinates/lng": -149.898655,
    "attribution": "Kern County (CA)"
  },
  {
    "id": 57,
    "address_type": "Billing",
    "address_status": "Active",
    "number": 172,
    "street name": "Alburg Springs Road",
    "suite": "",
    "addresses/city": "Alburgh",
    "addresses/postalCode": 5440,
    "Country": "US",
    "Address notes": "",
    "Created": "1983-04-19",
    "": "5:36:42",
    "__1": "",
    "entity type": "Customer",
    "entity id": 57,
    "addresses/coordinates/lat": 44.995827,
    "addresses/coordinates/lng": -73.2201539,
    "attribution": "Kings County (CA)"
  },
  {
    "id": 58,
    "address_type": "Shipping",
    "address_status": "Active",
    "number": 159,
    "street name": "Downey Drive",
    "suite": "A",
    "addresses/city": "Manchester",
    "addresses/postalCode": 6040,
    "Country": "US",
    "Address notes": "",
    "Created": "1998-08-11",
    "": "21:04:52",
    "__1": "",
    "entity type": "Building",
    "entity id": 58,
    "addresses/coordinates/lat": 41.7800126,
    "addresses/coordinates/lng": -72.5754309,
    "attribution": "Lake County (CA)"
  },
  {
    "id": 59,
    "address_type": "Shipping",
    "address_status": "Active",
    "number": 125,
    "street name": "John Street",
    "suite": "",
    "addresses/city": "Santa Cruz",
    "addresses/postalCode": 95060,
    "Country": "US",
    "Address notes": "We are not working on Friday",
    "Created": "2001-08-23",
    "": "14:35:06",
    "__1": "",
    "entity type": "Customer",
    "entity id": 59,
    "addresses/coordinates/lat": 36.950901,
    "addresses/coordinates/lng": -122.046881,
    "attribution": "Lassen County (CA)"
  },
  {
    "id": 60,
    "address_type": "Home",
    "address_status": "Active",
    "number": 1101,
    "street name": "Lotus Avenue",
    "suite": "",
    "addresses/city": "Glen Burnie",
    "addresses/postalCode": 21061,
    "Country": "US",
    "Address notes": "",
    "Created": "2008-12-16",
    "": "6:32:18",
    "__1": "",
    "entity type": "Customer",
    "entity id": 60,
    "addresses/coordinates/lat": 39.191982,
    "addresses/coordinates/lng": -76.6525659,
    "attribution": "Los Angeles County (CA)"
  },
  {
    "id": 61,
    "address_type": "Business",
    "address_status": "Active",
    "number": 8376,
    "street name": "Albacore Drive",
    "suite": "",
    "addresses/city": "Pasadena",
    "addresses/postalCode": 21122,
    "Country": "US",
    "Address notes": "",
    "Created": "2004-03-29",
    "": "17:35:28",
    "__1": "",
    "entity type": "Building",
    "entity id": 61,
    "addresses/coordinates/lat": 39.110409,
    "addresses/coordinates/lng": -76.465658,
    "attribution": "Madera County (CA)"
  },
  {
    "id": 62,
    "address_type": "Business",
    "address_status": "Active",
    "number": 491,
    "street name": "Arabian Way",
    "suite": "",
    "addresses/city": "Grand Junction",
    "addresses/postalCode": 81504,
    "Country": "US",
    "Address notes": "",
    "Created": "1983-04-27",
    "": "3:10:27",
    "__1": "",
    "entity type": "Customer",
    "entity id": 62,
    "addresses/coordinates/lat": 39.07549,
    "addresses/coordinates/lng": -108.474785,
    "attribution": "Marin County (CA)"
  },
  {
    "id": 63,
    "address_type": "Home",
    "address_status": "Active",
    "number": 12245,
    "street name": "West 71st Place",
    "suite": "",
    "addresses/city": "Arvada",
    "addresses/postalCode": 80004,
    "Country": "US",
    "Address notes": "",
    "Created": "1979-10-09",
    "": "19:34:59",
    "__1": "",
    "entity type": "Customer",
    "entity id": 63,
    "addresses/coordinates/lat": 39.8267078,
    "addresses/coordinates/lng": -105.1366798,
    "attribution": "Merced County (CA)"
  },
  {
    "id": 64,
    "address_type": "Billing",
    "address_status": "Active",
    "number": 80,
    "street name": "North East Street",
    "suite": "#4",
    "addresses/city": "Holyoke",
    "addresses/postalCode": 1040,
    "Country": "US",
    "Address notes": "",
    "Created": "2013-05-07",
    "": "4:51:38",
    "__1": "",
    "entity type": "Building",
    "entity id": 64,
    "addresses/coordinates/lat": 42.2041219,
    "addresses/coordinates/lng": -72.5977704,
    "attribution": "Mono County (CA)"
  },
  {
    "id": 65,
    "address_type": "Shipping",
    "address_status": "Active",
    "number": 4695,
    "street name": "East Huntsville Road",
    "suite": "",
    "addresses/city": "Fayetteville",
    "addresses/postalCode": 72701,
    "Country": "US",
    "Address notes": "",
    "Created": "2012-11-13",
    "": "17:34:39",
    "__1": "",
    "entity type": "Customer",
    "entity id": 65,
    "addresses/coordinates/lat": 36.0471975,
    "addresses/coordinates/lng": -94.0946286,
    "attribution": "Monterey County (CA)"
  },
  {
    "id": 66,
    "address_type": "Shipping",
    "address_status": "Active",
    "number": 310,
    "street name": "Timrod Road",
    "suite": "",
    "addresses/city": "Manchester",
    "addresses/postalCode": 6040,
    "Country": "US",
    "Address notes": "",
    "Created": "2007-12-07",
    "": "13:28:14",
    "__1": "",
    "entity type": "Customer",
    "entity id": 66,
    "addresses/coordinates/lat": 41.756758,
    "addresses/coordinates/lng": -72.493501,
    "attribution": "Napa County (CA)"
  },
  {
    "id": 67,
    "address_type": "Home",
    "address_status": "Active",
    "number": 1364,
    "street name": "Capri Drive",
    "suite": "",
    "addresses/city": "Panama City",
    "addresses/postalCode": 32405,
    "Country": "US",
    "Address notes": "",
    "Created": "2015-11-12",
    "": "23:46:10",
    "__1": "",
    "entity type": "Building",
    "entity id": 67,
    "addresses/coordinates/lat": 30.2207276,
    "addresses/coordinates/lng": -85.6808795,
    "attribution": "County of Nevada, California (CA)"
  },
  {
    "id": 68,
    "address_type": "Business",
    "address_status": "Active",
    "number": 132,
    "street name": "Laurel Green Court",
    "suite": "",
    "addresses/city": "Savannah",
    "addresses/postalCode": 31419,
    "Country": "US",
    "Address notes": "",
    "Created": "2003-01-23",
    "": "15:02:34",
    "__1": "",
    "entity type": "Customer",
    "entity id": 68,
    "addresses/coordinates/lat": 32.0243075,
    "addresses/coordinates/lng": -81.2468102,
    "attribution": "Orange County (CA)"
  },
  {
    "id": 69,
    "address_type": "Business",
    "address_status": "Active",
    "number": 6657,
    "street name": "West Rose Garden Lane",
    "suite": "",
    "addresses/city": "Glendale",
    "addresses/postalCode": 85308,
    "Country": "US",
    "Address notes": "",
    "Created": "2015-06-20",
    "": "1:12:23",
    "__1": "",
    "entity type": "Customer",
    "entity id": 69,
    "addresses/coordinates/lat": 33.676018,
    "addresses/coordinates/lng": -112.201658,
    "attribution": "City of Palo Alto (CA)"
  },
  {
    "id": 70,
    "address_type": "Home",
    "address_status": "Active",
    "number": 519,
    "street name": "West 75th Avenue",
    "suite": "#APT 000003",
    "addresses/city": "Anchorage",
    "addresses/postalCode": 99518,
    "Country": "US",
    "Address notes": "",
    "Created": "2004-02-12",
    "": "18:42:24",
    "__1": "",
    "entity type": "Building",
    "entity id": 70,
    "addresses/coordinates/lat": 61.1528869,
    "addresses/coordinates/lng": -149.889133,
    "attribution": "County of Placer (CA)"
  },
  {
    "id": 71,
    "address_type": "Billing",
    "address_status": "Inactive",
    "number": 31353,
    "street name": "Santa Elena Way",
    "suite": "",
    "addresses/city": "Union City",
    "addresses/postalCode": 94587,
    "Country": "US",
    "Address notes": "",
    "Created": "2000-06-15",
    "": "6:02:36",
    "__1": "",
    "entity type": "Customer",
    "entity id": 71,
    "addresses/coordinates/lat": 37.593981,
    "addresses/coordinates/lng": -122.059762,
    "attribution": "Secramento County (CA)"
  },
  {
    "id": 72,
    "address_type": "Shipping",
    "address_status": "Active",
    "number": 8398,
    "street name": "West Denton Lane",
    "suite": "",
    "addresses/city": "Glendale",
    "addresses/postalCode": 85305,
    "Country": "US",
    "Address notes": "",
    "Created": "1978-07-11",
    "": "2:41:24",
    "__1": "",
    "entity type": "Customer",
    "entity id": 72,
    "addresses/coordinates/lat": 33.515353,
    "addresses/coordinates/lng": -112.240812,
    "attribution": "San Bernardino County (CA)"
  },
  {
    "id": 73,
    "address_type": "Shipping",
    "address_status": "Active",
    "number": 700,
    "street name": "Winston Place",
    "suite": "",
    "addresses/city": "Anchorage",
    "addresses/postalCode": 99504,
    "Country": "US",
    "Address notes": "",
    "Created": "2002-05-16",
    "": "12:18:56",
    "__1": "",
    "entity type": "Building",
    "entity id": 73,
    "addresses/coordinates/lat": 61.215882,
    "addresses/coordinates/lng": -149.737337,
    "attribution": "San Diego Geographic Information Source - JPA (CA)"
  },
  {
    "id": 74,
    "address_type": "Home",
    "address_status": "Active",
    "number": 232,
    "street name": "Maine Avenue",
    "suite": "",
    "addresses/city": "Panama City",
    "addresses/postalCode": 32401,
    "Country": "US",
    "Address notes": "",
    "Created": "2017-12-19",
    "": "7:07:22",
    "__1": "",
    "entity type": "Customer",
    "entity id": 74,
    "addresses/coordinates/lat": 30.1527033,
    "addresses/coordinates/lng": -85.6320713,
    "attribution": "San Joaquin County (CA)"
  },
  {
    "id": 75,
    "address_type": "Business",
    "address_status": "Active",
    "number": 1,
    "street name": "Kempf Drive",
    "suite": "",
    "addresses/city": "Easton",
    "addresses/postalCode": 2375,
    "Country": "US",
    "Address notes": "",
    "Created": "2008-03-04",
    "": "8:17:12",
    "__1": "",
    "entity type": "Customer",
    "entity id": 75,
    "addresses/coordinates/lat": 42.0505989,
    "addresses/coordinates/lng": -71.0802938,
    "attribution": "San Luis Obispo County (CA)"
  },
  {
    "id": 76,
    "address_type": "Business",
    "address_status": "Active",
    "number": 5811,
    "street name": "Crossings Boulevard",
    "suite": "",
    "addresses/city": "Nashville",
    "addresses/postalCode": 37013,
    "Country": "US",
    "Address notes": "",
    "Created": "1978-08-23",
    "": "22:49:56",
    "__1": "",
    "entity type": "Building",
    "entity id": 76,
    "addresses/coordinates/lat": 36.0370847,
    "addresses/coordinates/lng": -86.6413728,
    "attribution": "San Mateo County (CA)"
  },
  {
    "id": 77,
    "address_type": "Home",
    "address_status": "Inactive",
    "number": 5108,
    "street name": "Franklin Street",
    "suite": "",
    "addresses/city": "Savannah",
    "addresses/postalCode": 31405,
    "Country": "US",
    "Address notes": "",
    "Created": "1977-05-28",
    "": "13:47:16",
    "__1": "",
    "entity type": "Customer",
    "entity id": 77,
    "addresses/coordinates/lat": 32.034987,
    "addresses/coordinates/lng": -81.121928,
    "attribution": "Santa Barbara County (CA)"
  },
  {
    "id": 78,
    "address_type": "Billing",
    "address_status": "Active",
    "number": 913,
    "street name": "Fallview Trail",
    "suite": "",
    "addresses/city": "Nashville",
    "addresses/postalCode": 37211,
    "Country": "US",
    "Address notes": "",
    "Created": "1978-07-27",
    "": "23:01:18",
    "__1": "",
    "entity type": "Customer",
    "entity id": 78,
    "addresses/coordinates/lat": 36.024191,
    "addresses/coordinates/lng": -86.718305,
    "attribution": "Santa Clara County (CA)"
  },
  {
    "id": 79,
    "address_type": "Shipping",
    "address_status": "Active",
    "number": 270,
    "street name": "Chrissy's Court",
    "suite": "",
    "addresses/city": "",
    "addresses/postalCode": 5443,
    "Country": "US",
    "Address notes": "",
    "Created": "1986-03-11",
    "": "13:09:55",
    "__1": "",
    "entity type": "Building",
    "entity id": 79,
    "addresses/coordinates/lat": 44.1710043,
    "addresses/coordinates/lng": -73.1065617,
    "attribution": "Santa Cruz County (CA)"
  },
  {
    "id": 80,
    "address_type": "Shipping",
    "address_status": "Active",
    "number": 130,
    "street name": "Old Route 103",
    "suite": "",
    "addresses/city": "Chester",
    "addresses/postalCode": 5143,
    "Country": "US",
    "Address notes": "",
    "Created": "2006-05-05",
    "": "20:06:17",
    "__1": "",
    "entity type": "Customer",
    "entity id": 80,
    "addresses/coordinates/lat": 43.224335,
    "addresses/coordinates/lng": -72.542274,
    "attribution": "Shasta County (CA)"
  },
  {
    "id": 81,
    "address_type": "Home",
    "address_status": "Active",
    "number": 10826,
    "street name": "Pointe Royal Drive",
    "suite": "",
    "addresses/city": "Bakersfield",
    "addresses/postalCode": 93311,
    "Country": "US",
    "Address notes": "",
    "Created": "2015-06-08",
    "": "19:47:17",
    "__1": "",
    "entity type": "Customer",
    "entity id": 81,
    "addresses/coordinates/lat": 35.2930007,
    "addresses/coordinates/lng": -119.1225908,
    "attribution": "Solano County (CA)"
  },
  {
    "id": 82,
    "address_type": "Business",
    "address_status": "Active",
    "number": 74,
    "street name": "Ranch Drive",
    "suite": "",
    "addresses/city": "Montgomery",
    "addresses/postalCode": 36109,
    "Country": "US",
    "Address notes": "",
    "Created": "1985-03-19",
    "": "20:49:13",
    "__1": "",
    "entity type": "Building",
    "entity id": 82,
    "addresses/coordinates/lat": 32.383322,
    "addresses/coordinates/lng": -86.235124,
    "attribution": "Sonoma County (CA)"
  },
  {
    "id": 83,
    "address_type": "Business",
    "address_status": "Active",
    "number": 6601,
    "street name": "West Ocotillo Road",
    "suite": "",
    "addresses/city": "Glendale",
    "addresses/postalCode": 85301,
    "Country": "US",
    "Address notes": "",
    "Created": "2013-11-13",
    "": "17:38:15",
    "__1": "",
    "entity type": "Customer",
    "entity id": 83,
    "addresses/coordinates/lat": 33.53433,
    "addresses/coordinates/lng": -112.2011246,
    "attribution": "Stanislaus County (CA)"
  },
  {
    "id": 84,
    "address_type": "Home",
    "address_status": "Active",
    "number": 19416,
    "street name": "Barclay Road",
    "suite": "",
    "addresses/city": "Castro Valley",
    "addresses/postalCode": 94546,
    "Country": "US",
    "Address notes": "",
    "Created": "2011-02-09",
    "": "14:33:56",
    "__1": "",
    "entity type": "Customer",
    "entity id": 84,
    "addresses/coordinates/lat": 37.70382,
    "addresses/coordinates/lng": -122.091054,
    "attribution": "Tuolumne County (CA)"
  },
  {
    "id": 85,
    "address_type": "Billing",
    "address_status": "Inactive",
    "number": 1347,
    "street name": "Blackwalnut Court",
    "suite": "",
    "addresses/city": "Annapolis",
    "addresses/postalCode": 21403,
    "Country": "US",
    "Address notes": "CodeBoxx is awesome",
    "Created": "1989-11-15",
    "": "5:57:03",
    "__1": "",
    "entity type": "Building",
    "entity id": 85,
    "addresses/coordinates/lat": 38.936881,
    "addresses/coordinates/lng": -76.475823,
    "attribution": "Yolo County (CA)"
  },
  {
    "id": 86,
    "address_type": "Shipping",
    "address_status": "Active",
    "number": 1770,
    "street name": "Colony Way",
    "suite": "",
    "addresses/city": "Fayetteville",
    "addresses/postalCode": 72704,
    "Country": "US",
    "Address notes": "",
    "Created": "1995-01-23",
    "": "8:10:54",
    "__1": "",
    "entity type": "Customer",
    "entity id": 86,
    "addresses/coordinates/lat": 36.0867,
    "addresses/coordinates/lng": -94.229754,
    "attribution": "Yuba County (CA)"
  },
  {
    "id": 87,
    "address_type": "Shipping",
    "address_status": "Active",
    "number": 165,
    "street name": "Saint John Street",
    "suite": "",
    "addresses/city": "Manchester",
    "addresses/postalCode": 6040,
    "Country": "US",
    "Address notes": "",
    "Created": "1999-12-23",
    "": "23:26:13",
    "__1": "",
    "entity type": "Customer",
    "entity id": 87,
    "addresses/coordinates/lat": 41.7762171,
    "addresses/coordinates/lng": -72.5410548,
    "attribution": "Arapahoe County (CO)"
  },
  {
    "id": 88,
    "address_type": "Home",
    "address_status": "Active",
    "number": 2409,
    "street name": "Research Boulevard",
    "suite": "",
    "addresses/city": "Fort Collins",
    "addresses/postalCode": 80526,
    "Country": "US",
    "Address notes": "",
    "Created": "2019-03-09",
    "": "11:22:20",
    "__1": "",
    "entity type": "Building",
    "entity id": 88,
    "addresses/coordinates/lat": 40.554586,
    "addresses/coordinates/lng": -105.087852,
    "attribution": "Archuleta County (CO)"
  },
  {
    "id": 89,
    "address_type": "Business",
    "address_status": "Active",
    "number": 1903,
    "street name": "Bashford Manor Lane",
    "suite": "",
    "addresses/city": "Louisville",
    "addresses/postalCode": 40218,
    "Country": "US",
    "Address notes": "",
    "Created": "1978-12-07",
    "": "21:59:23",
    "__1": "",
    "entity type": "Customer",
    "entity id": 89,
    "addresses/coordinates/lat": 38.1977059,
    "addresses/coordinates/lng": -85.675288,
    "attribution": "City of Arvada (CO)"
  },
  {
    "id": 90,
    "address_type": "Business",
    "address_status": "Active",
    "number": 8315,
    "street name": "Surf Drive",
    "suite": "",
    "addresses/city": "Panama City Beach",
    "addresses/postalCode": 32408,
    "Country": "US",
    "Address notes": "",
    "Created": "1999-04-20",
    "": "0:55:00",
    "__1": "",
    "entity type": "Customer",
    "entity id": 90,
    "addresses/coordinates/lat": 30.163458,
    "addresses/coordinates/lng": -85.785449,
    "attribution": "City of Aurora (CO)"
  },
  {
    "id": 91,
    "address_type": "Home",
    "address_status": "Active",
    "number": 3301,
    "street name": "Old Muldoon Road",
    "suite": "",
    "addresses/city": "Anchorage",
    "addresses/postalCode": 99504,
    "Country": "US",
    "Address notes": "",
    "Created": "2001-01-02",
    "": "14:38:50",
    "__1": "",
    "entity type": "Building",
    "entity id": 91,
    "addresses/coordinates/lat": 61.1908348,
    "addresses/coordinates/lng": -149.7340096,
    "attribution": "City of Boulder (CO)"
  },
  {
    "id": 92,
    "address_type": "Billing",
    "address_status": "Active",
    "number": 8800,
    "street name": "Cordell Circle",
    "suite": "#APT 000003",
    "addresses/city": "Anchorage",
    "addresses/postalCode": 99502,
    "Country": "US",
    "Address notes": "",
    "Created": "1977-09-13",
    "": "17:59:37",
    "__1": "",
    "entity type": "Customer",
    "entity id": 92,
    "addresses/coordinates/lat": 61.1409305,
    "addresses/coordinates/lng": -149.9437822,
    "attribution": "City of Fort Collins (CO)"
  },
  {
    "id": 93,
    "address_type": "Shipping",
    "address_status": "Active",
    "number": 117,
    "street name": "East Cook Avenue",
    "suite": "",
    "addresses/city": "Anchorage",
    "addresses/postalCode": 99501,
    "Country": "US",
    "Address notes": "",
    "Created": "2010-11-18",
    "": "13:47:44",
    "__1": "",
    "entity type": "Customer",
    "entity id": 93,
    "addresses/coordinates/lat": 61.230336,
    "addresses/coordinates/lng": -149.883795,
    "attribution": "City of Greeley (CO)"
  },
  {
    "id": 94,
    "address_type": "Shipping",
    "address_status": "Active",
    "number": 6231,
    "street name": "North 67th Avenue",
    "suite": "#241",
    "addresses/city": "Glendale",
    "addresses/postalCode": 85301,
    "Country": "US",
    "Address notes": "",
    "Created": "2018-02-05",
    "": "18:54:05",
    "__1": "",
    "entity type": "Building",
    "entity id": 94,
    "addresses/coordinates/lat": 33.5279666,
    "addresses/coordinates/lng": -112.2022551,
    "attribution": "City of Loveland (CO)"
  },
  {
    "id": 95,
    "address_type": "Home",
    "address_status": "Active",
    "number": 8505,
    "street name": "Waters Avenue",
    "suite": "#66",
    "addresses/city": "Savannah",
    "addresses/postalCode": 31406,
    "Country": "US",
    "Address notes": "",
    "Created": "2016-02-09",
    "": "18:55:31",
    "__1": "",
    "entity type": "Customer",
    "entity id": 95,
    "addresses/coordinates/lat": 31.9901877,
    "addresses/coordinates/lng": -81.1070672,
    "attribution": "City of Westminster (CO)"
  },
  {
    "id": 96,
    "address_type": "Business",
    "address_status": "Active",
    "number": 7,
    "street name": "Underwood Place Northwest",
    "suite": "",
    "addresses/city": "Washington",
    "addresses/postalCode": 20012,
    "Country": "US",
    "Address notes": "Agnes is working here",
    "Created": "2009-08-17",
    "": "0:39:44",
    "__1": "",
    "entity type": "Customer",
    "entity id": 96,
    "addresses/coordinates/lat": 38.969351,
    "addresses/coordinates/lng": -77.009722,
    "attribution": "Gilpin County (CO)"
  },
  {
    "id": 97,
    "address_type": "Business",
    "address_status": "Active",
    "number": 21950,
    "street name": "Arnold Center Road",
    "suite": "",
    "addresses/city": "Carson",
    "addresses/postalCode": 90810,
    "Country": "US",
    "Address notes": "",
    "Created": "2015-10-27",
    "": "14:30:43",
    "__1": "",
    "entity type": "Building",
    "entity id": 97,
    "addresses/coordinates/lat": 33.8272706,
    "addresses/coordinates/lng": -118.2302826,
    "attribution": "Gunnison County (CO)"
  },
  {
    "id": 98,
    "address_type": "Home",
    "address_status": "Active",
    "number": 1427,
    "street name": "South Carolina Avenue Southeast",
    "suite": "",
    "addresses/city": "Washington",
    "addresses/postalCode": 20003,
    "Country": "US",
    "Address notes": "",
    "Created": "1995-12-02",
    "": "5:40:43",
    "__1": "",
    "entity type": "Customer",
    "entity id": 98,
    "addresses/coordinates/lat": 38.886615,
    "addresses/coordinates/lng": -76.9845349,
    "attribution": "Jefferson County (CO)"
  },
  {
    "id": 99,
    "address_type": "Billing",
    "address_status": "Active",
    "number": 1420,
    "street name": "Turtleback Trail",
    "suite": "",
    "addresses/city": "Panama City",
    "addresses/postalCode": 32413,
    "Country": "US",
    "Address notes": "",
    "Created": "1998-06-05",
    "": "10:42:00",
    "__1": "",
    "entity type": "Customer",
    "entity id": 99,
    "addresses/coordinates/lat": 30.281084,
    "addresses/coordinates/lng": -85.9677169,
    "attribution": "Larimer County (CO)"
  },
  {
    "id": "",
    "address_type": "",
    "address_status": "",
    "number": "",
    "street name": "",
    "suite": "",
    "addresses/city": "",
    "addresses/postalCode": "",
    "Country": "",
    "Address notes": "",
    "Created": "2012-11-03",
    "": "21:15:53",
    "__1": "",
    "entity type": "Building",
    "entity id": 100,
    "addresses/coordinates/lat": "",
    "addresses/coordinates/lng": "",
    "attribution": "Mesa County (CO)"
  },
  {
    "id": "",
    "address_type": "",
    "address_status": "",
    "number": "",
    "street name": "",
    "suite": "",
    "addresses/city": "",
    "addresses/postalCode": "",
    "Country": "",
    "Address notes": "",
    "Created": "1976-08-09",
    "": "",
    "__1": "",
    "entity type": "",
    "entity id": "",
    "addresses/coordinates/lat": "",
    "addresses/coordinates/lng": "",
    "attribution": "Pitkin County (CO)"
  },
  {
    "id": "",
    "address_type": "",
    "address_status": "",
    "number": "",
    "street name": "",
    "suite": "",
    "addresses/city": "",
    "addresses/postalCode": "",
    "Country": "",
    "Address notes": "",
    "Created": "",
    "": "",
    "__1": "",
    "entity type": "",
    "entity id": "",
    "addresses/coordinates/lat": "",
    "addresses/coordinates/lng": "",
    "attribution": "Pubelo County (CO)"
  },
  {
    "id": "",
    "address_type": "",
    "address_status": "",
    "number": "",
    "street name": "",
    "suite": "",
    "addresses/city": "",
    "addresses/postalCode": "",
    "Country": "",
    "Address notes": "",
    "Created": "",
    "": "",
    "__1": "",
    "entity type": "",
    "entity id": "",
    "addresses/coordinates/lat": "",
    "addresses/coordinates/lng": "",
    "attribution": "San Miguel County (CO)"
  },
  {
    "id": "",
    "address_type": "",
    "address_status": "",
    "number": "",
    "street name": "",
    "suite": "",
    "addresses/city": "",
    "addresses/postalCode": "",
    "Country": "",
    "Address notes": "",
    "Created": "",
    "": "",
    "__1": "",
    "entity type": "",
    "entity id": "",
    "addresses/coordinates/lat": "",
    "addresses/coordinates/lng": "",
    "attribution": "City of Honolulu (HI)"
  }
]